{
  "problem_params": {
    "n_sensors": 30,
    "n_anchors": 6,
    "d": 2,
    "communication_range": 0.5,
    "noise_factor": 0.05,
    "gamma": 0.999,
    "alpha_mps": 10.0,
    "max_iter": 200,
    "tol": 0.0001
  },
  "converged": true,
  "iterations": 111,
  "final_objective": 0.21878446659722386,
  "final_error": 0.10251245777380417,
  "total_time": 0.13230371475219727,
  "objectives": [
    0.3115754607906587,
    0.21908582226992374,
    0.2187856112870614,
    0.21878447094556105,
    0.21878446661374185,
    0.2187844665972867,
    0.21878446659722403,
    0.21878446659722386,
    0.21878446659722386,
    0.21878446659722386,
    0.21878446659722386,
    0.21878446659722386
  ],
  "errors": [
    0.12666669455756893,
    0.10259111898354441,
    0.10251275657643968,
    0.1025124589088669,
    0.10251245777811592,
    0.10251245777382056,
    0.10251245777380423,
    0.10251245777380417,
    0.10251245777380417,
    0.10251245777380417,
    0.10251245777380417,
    0.10251245777380417
  ]
}