{
  "noise_levels": [
    0.03,
    0.05,
    0.07
  ],
  "n_trials": 3,
  "note": "All results from REAL algorithm execution, no mock data",
  "summary": [
    {
      "noise_factor": 0.03,
      "n_trials": 3,
      "mps_mean_error": 0.10790832088155651,
      "mps_std_error": 0.0049923678179857,
      "admm_mean_error": 0.270157985360063,
      "admm_std_error": 0.010909273704812634,
      "mean_performance_ratio": 2.5130493132792306
    },
    {
      "noise_factor": 0.05,
      "n_trials": 3,
      "mps_mean_error": 0.10851263949659416,
      "mps_std_error": 0.0075764999515962154,
      "admm_mean_error": 0.2705196034598181,
      "admm_std_error": 0.010228247661993607,
      "mean_performance_ratio": 2.510582073925143
    },
    {
      "noise_factor": 0.07,
      "n_trials": 3,
      "mps_mean_error": 0.10379297962577487,
      "mps_std_error": 0.008636379044775324,
      "admm_mean_error": 0.27070340977087987,
      "admm_std_error": 0.01041798784127724,
      "mean_performance_ratio": 2.632109962517938
    }
  ]
}