{
  "n_sensors": 30,
  "n_anchors": 6,
  "noise_factor": 0.05,
  "mps": {
    "converged": false,
    "iterations": 500,
    "final_error": 0.11817973406745962,
    "final_objective": 0.06287510472919071,
    "time": 6.218751907348633,
    "objective_history": [
      0.11978343456685243,
      0.09043031290398146,
      0.0778579314740318,
      0.07501647792933873,
      0.07446927481429078,
      0.0739605466757203,
      0.07331033037992742,
      0.07247033898491703,
      0.07142936516010717,
      0.07015716644953077,
      0.06876522890778784,
      0.06743538747918805,
      0.06635055530618328,
      0.06551293496682113,
      0.06481027000303693,
      0.06413683315748696,
      0.06356506804820967,
      0.06322423038196134,
      0.06304411329750241,
      0.06294862145680538,
      0.0628960134816781,
      0.06286572010748825,
      0.06284760429026139,
      0.06283653320479687,
      0.06282977151964468,
      0.06282578951731062,
      0.06282367073599907,
      0.06282283779720339,
      0.06282291150544905,
      0.06282363546028086,
      0.06282483265061459,
      0.0628263792775998,
      0.06282818806976345,
      0.06283019727189772,
      0.06283236318437886,
      0.06283465501133695,
      0.06283705125409314,
      0.06283953716055407,
      0.06284210290716499,
      0.06284474229475398,
      0.06284745180784436,
      0.06285022993250242,
      0.06285307665859508,
      0.06285599311341754,
      0.06285898128816372,
      0.06286204382868614,
      0.06286518386876046,
      0.0628684048885016,
      0.06287171058321997,
      0.06287510472919071
    ],
    "error_history": [
      0.2778809273236239,
      0.23585306762100938,
      0.2077299048458116,
      0.19290032418379877,
      0.18390410065183982,
      0.17713815218560136,
      0.17117114193124908,
      0.1653266883998759,
      0.15927148494356516,
      0.1528841700116967,
      0.14625125854393511,
      0.1397235015376763,
      0.13416334985531758,
      0.13022252411700214,
      0.1276456098613457,
      0.1256363670324851,
      0.12380838672142207,
      0.1223820213868526,
      0.12124621276611525,
      0.12037334254097329,
      0.119718250049054,
      0.11923189140871017,
      0.11887319111511041,
      0.11861028322954988,
      0.11841894359249674,
      0.11828089094541713,
      0.11818239606588,
      0.11811319578909302,
      0.11806564772649981,
      0.11803407883958128,
      0.11801428859769973,
      0.1180031735388228,
      0.11799844537980136,
      0.1179984202747531,
      0.11800186171922833,
      0.11800786369583338,
      0.11801576391304856,
      0.11802507949799945,
      0.11803545940900453,
      0.11804664927113875,
      0.11805846541986058,
      0.11807077575066477,
      0.11808348558242315,
      0.1180965271980584,
      0.11810985206578417,
      0.11812342499550958,
      0.11813721966930552,
      0.11815121511783938,
      0.11816539280788664,
      0.11817973406745962
    ]
  },
  "admm": {
    "converged": false,
    "iterations": 500,
    "final_error": 0.25610310241993306,
    "final_objective": 0.5276889834613573,
    "time": 1.156864881515503,
    "objective_history": [
      0.22984269867454568,
      0.45824068588872297,
      0.5469377615187685,
      0.5294549704905605,
      0.5253414188273203,
      0.528034509364208,
      0.5258126840770035,
      0.5272116372365542,
      0.5299673213348226,
      0.5282520806856872,
      0.528568750921486,
      0.5274767697246885,
      0.5262075132917419,
      0.5297191433898274,
      0.5285070912893314,
      0.5282087997865043,
      0.525875818709746,
      0.5263837067560281,
      0.5303275116960559,
      0.5279749917360774,
      0.527915258290435,
      0.5261055111007202,
      0.5266844503233794,
      0.5299123375634626,
      0.527658451552484,
      0.5278225312739333,
      0.5258892000256233,
      0.5269259320860458,
      0.5297264379626833,
      0.5278962711600781,
      0.5277344072307621,
      0.5265381018063838,
      0.5261350769297573,
      0.5305719320632709,
      0.5279250354160331,
      0.5280690377149944,
      0.5268589538825699,
      0.526750440173395,
      0.5298563361111189,
      0.5277834089821297,
      0.5277639973688155,
      0.5262824221487615,
      0.5267963673466713,
      0.5297903648019021,
      0.5278951330252666,
      0.5278257115096859,
      0.5268469702084603,
      0.5261211069754717,
      0.530185103016427,
      0.5276889834613573
    ],
    "error_history": [
      0.1477407172809102,
      0.22186450766704213,
      0.25112114437157895,
      0.25491288384904637,
      0.25606927940203517,
      0.2557920451371954,
      0.25498593203542824,
      0.2548674708935554,
      0.25578060020021576,
      0.25625498734033697,
      0.2555484574477428,
      0.25472386760323606,
      0.2549505455050845,
      0.2558643690682205,
      0.25615754125832646,
      0.2553506827192522,
      0.2548099405445971,
      0.25510326383211096,
      0.2559042980385425,
      0.25610009573401704,
      0.2552854412597049,
      0.25480093892836786,
      0.2550984443739946,
      0.2559171874881373,
      0.25611917088812325,
      0.25531163404093465,
      0.25480478339718554,
      0.2551979579801485,
      0.2559634403451436,
      0.25608898446376294,
      0.2552499237087314,
      0.2547602404740956,
      0.2552206522355664,
      0.2559556581627301,
      0.2560396595233535,
      0.2551750948489121,
      0.25480441302896667,
      0.25519316704303935,
      0.25594929997501964,
      0.25608797106082937,
      0.2552493566818065,
      0.25481814701189276,
      0.25521604736809517,
      0.2559817497095085,
      0.256080949910337,
      0.255232155946144,
      0.2547635469287327,
      0.2552404439656046,
      0.25602737797507835,
      0.25598001511527263
    ]
  },
  "performance_ratio": 2.167064467023963,
  "speedup": 1.0
}