{
  "configuration": {
    "network": {
      "n_sensors": 30,
      "n_anchors": 6,
      "communication_range": 0.3,
      "dimension": 2
    },
    "measurements": {
      "noise_factor": 0.05,
      "seed": 42
    },
    "algorithm": {
      "gamma": 0.99,
      "alpha": 1.0,
      "max_iterations": 500,
      "tolerance": 1e-05
    },
    "mpi": {
      "enable": false,
      "n_processes": 4
    },
    "output": {
      "save_results": true,
      "output_dir": "results/",
      "verbose": true,
      "save_interval": 50
    }
  },
  "mpi": {
    "n_processes": 2
  },
  "results": {
    "converged": false,
    "iterations": 500,
    "final_objective": 0.0827535252163941,
    "final_rmse": 0.1468566981442796,
    "objective_history": [
      0.10858947376855019,
      0.09389681154914112,
      0.0848901591247567,
      0.08225932464919186,
      0.0814134503890504,
      0.08106333377361812,
      0.08092258879479805,
      0.08087457909129568,
      0.08087182347470129,
      0.08089771268764719,
      0.08094771429040788,
      0.08102146343977717,
      0.08111843900043943,
      0.0812344598530486,
      0.08135993432157741,
      0.08148218929347438,
      0.08159066414753983,
      0.08168029634515038,
      0.08175117402955194,
      0.08180630439496599,
      0.08184954467255544,
      0.08188442053235657,
      0.08191370453948385,
      0.08193941182481664,
      0.08196294954840744,
      0.08198528464964654,
      0.08200708120228012,
      0.08202879996169513,
      0.08205076674758488,
      0.08207321845008084,
      0.08209633377953836,
      0.08212025366449892,
      0.08214509441288409,
      0.08217095551328468,
      0.08219792316716446,
      0.08222607020357278,
      0.08225545287654551,
      0.08228610515913903,
      0.08231803150183478,
      0.08235119953357062,
      0.08238553465828509,
      0.0824209186356296,
      0.08245719372141438,
      0.08249417267448327,
      0.08253165320870481,
      0.08256943396641088,
      0.08260732854615102,
      0.08264517483397614,
      0.08268283849963295,
      0.08272021123491415
    ],
    "rmse_history": [
      0.21115849924484156,
      0.17893718381247448,
      0.16079189130619462,
      0.15509681496811095,
      0.1521940274338066,
      0.15024199555854323,
      0.14905834761616976,
      0.14834224498454632,
      0.14788307450645008,
      0.14757760806851797,
      0.14737733556499927,
      0.14725428636323312,
      0.14718318036129188,
      0.14713422457360958,
      0.14707642270670296,
      0.14698832171936008,
      0.14686535197834905,
      0.14671680893874217,
      0.14655745647764096,
      0.14640097288238008,
      0.14625725180426272,
      0.14613226282290237,
      0.14602890427042114,
      0.1459479719407036,
      0.1458889303146546,
      0.14585044546114892,
      0.14583072881766446,
      0.14582775233489573,
      0.14583938259294382,
      0.14586346600667294,
      0.145897885297212,
      0.14594059952053787,
      0.14598967508859828,
      0.1460433122680194,
      0.14609986973264014,
      0.14615788830137488,
      0.14621611367872303,
      0.14627351672019762,
      0.14632930858319793,
      0.14638294742388352,
      0.1464341335101355,
      0.14648279107454093,
      0.1465290378274516,
      0.1465731460371401,
      0.14661550123417444,
      0.14665656483262485,
      0.1466968450727743,
      0.14673687755669887,
      0.14677721370063102,
      0.14681841377624455
    ],
    "final_positions": {
      "0": [
        0.3091098201676237,
        0.5912580058629731
      ],
      "1": [
        0.6269145590177269,
        0.6346139814582004
      ],
      "2": [
        0.16663741133027204,
        0.21146994796352464
      ],
      "3": [
        0.12045739881941779,
        0.9130693075770067
      ],
      "4": [
        0.4679203454678615,
        0.5424789801450247
      ],
      "5": [
        0.09489381487225897,
        0.9532835671328677
      ],
      "6": [
        0.6547368546665927,
        0.23406424204409815
      ],
      "7": [
        0.19244447053969893,
        0.2201541431447906
      ],
      "8": [
        0.2796592954756002,
        0.5099251764614917
      ],
      "9": [
        0.45074578669638965,
        0.2917374011545327
      ],
      "10": [
        0.6239521218621328,
        0.20877073245206224
      ],
      "11": [
        0.22253467321954057,
        0.3662348651409314
      ],
      "12": [
        0.3324303904936424,
        0.605484958932082
      ],
      "13": [
        0.2323543814328296,
        0.5056493249367293
      ],
      "14": [
        0.5813743496571948,
        0.19575811811000288
      ],
      "15": [
        0.6302256097001517,
        0.23948457488138045
      ],
      "16": [
        0.09495671843253825,
        0.9527664223319253
      ],
      "17": [
        0.8211237423766922,
        0.8574279339293284
      ],
      "18": [
        0.31013991016269904,
        0.20672445097330672
      ],
      "19": [
        0.6090136099521221,
        0.3833106411990405
      ],
      "20": [
        0.23146939871521538,
        0.5054838589728436
      ],
      "21": [
        0.09442485139977866,
        0.9528402369157303
      ],
      "22": [
        0.25214319223798065,
        0.5810369799560731
      ],
      "23": [
        0.27975977813122743,
        0.5099868297903738
      ],
      "24": [
        0.5913197695547299,
        0.22360429044028768
      ],
      "25": [
        0.7726477055645549,
        0.7946874278747831
      ],
      "26": [
        0.8220414093513664,
        0.8575186585734522
      ],
      "27": [
        0.3394657989801707,
        0.5942393487321964
      ],
      "28": [
        0.16604644952648187,
        0.21189673815917068
      ],
      "29": [
        0.1517598870828128,
        0.31720675080516647
      ]
    }
  },
  "timestamp": "20250903_133746"
}