{
  "configuration": {
    "network": {
      "n_sensors": 10,
      "n_anchors": 3,
      "scale": 10.0,
      "dimension": 2,
      "communication_range": 0.5
    },
    "measurements": {
      "measurement_type": "distance",
      "noise_factor": 0.01,
      "seed": 42
    },
    "algorithm": {
      "name": "mps",
      "gamma": 0.99,
      "alpha": 1.0,
      "max_iterations": 100,
      "tolerance": "1e-4"
    },
    "output": {
      "save_results": true,
      "output_dir": "results/",
      "verbose": false
    }
  },
  "results": {
    "converged": false,
    "iterations": 100,
    "final_objective": 0.13941733099005688,
    "final_rmse": 0.21545156836707904,
    "objective_history": [
      0.2098170694817875,
      0.18102605472043312,
      0.17572981564910928,
      0.17025230893448717,
      0.15197730436994725,
      0.14442331251201515,
      0.1424011852737821,
      0.14146711602465487,
      0.1407832117665256,
      0.1401074684092058
    ],
    "rmse_history": [
      0.30526926345218197,
      0.31367565791003765,
      0.30016880835435994,
      0.2844158785250372,
      0.25354978947755735,
      0.24366047740732258,
      0.23746727606266982,
      0.2317781247878043,
      0.22615325762996813,
      0.22050837564253098
    ],
    "final_positions": {
      "0": [
        0.36093446838979854,
        0.9590157377982051
      ],
      "1": [
        0.6306428684552275,
        0.4580416909075342
      ],
      "2": [
        0.3375531789895803,
        0.39152933530258044
      ],
      "3": [
        0.29613246309775015,
        1.0302027475689817
      ],
      "4": [
        0.5026470100539623,
        0.6424189032985274
      ],
      "5": [
        0.30353787952579203,
        1.1134293058547384
      ],
      "6": [
        0.7142372198677489,
        0.3490877572642307
      ],
      "7": [
        0.3350475940533666,
        0.3890338058929126
      ],
      "8": [
        0.40601323271594403,
        0.6274113269600802
      ],
      "9": [
        0.5264422493062861,
        0.4289463375928716
      ]
    }
  },
  "timestamp": "20250903_174604"
}