{
  "configuration": {
    "network": {
      "n_sensors": 10,
      "n_anchors": 4,
      "communication_range": 0.5,
      "dimension": 2
    },
    "measurements": {
      "noise_factor": 0.02,
      "seed": 123
    },
    "algorithm": {
      "name": "mps",
      "gamma": 0.95,
      "alpha": 1.5,
      "max_iterations": 100,
      "tolerance": 0.001
    },
    "output": {
      "save_results": true,
      "output_dir": "results/quick_test/",
      "verbose": true,
      "save_interval": 0
    }
  },
  "results": {
    "converged": true,
    "iterations": 30,
    "final_objective": 0.16828608168958603,
    "final_rmse": 0.17911249519594244,
    "objective_history": [
      0.13903653794243165,
      0.16876989180333382,
      0.16860995398476497,
      0.16828608168958603
    ],
    "rmse_history": [
      0.1630984602424017,
      0.18149445225780975,
      0.17966434509622958,
      0.17911249519594244
    ],
    "final_positions": {
      "0": [
        0.610710663937958,
        0.44761096240793474
      ],
      "1": [
        0.3241651913895324,
        0.5116267701833834
      ],
      "2": [
        0.5475965275846152,
        0.5269932947655365
      ],
      "3": [
        0.6759304531394845,
        0.5927984621815567
      ],
      "4": [
        0.42436820159233823,
        0.4213910625339242
      ],
      "5": [
        0.41467566686774693,
        0.5901122185561272
      ],
      "6": [
        0.4780076978321956,
        0.2636466264347739
      ],
      "7": [
        0.41744344423406377,
        0.5907288847407142
      ],
      "8": [
        0.32782836627466416,
        0.2917722469240964
      ],
      "9": [
        0.4651304212027104,
        0.4887561922594669
      ]
    }
  },
  "timestamp": "20250903_133614"
}